code	meaning
D-62010	ILEUS, NOS
D-62040	IDIOPATHIC ENTEROPATHY SYNDROME
D-62160	REGIONAL ENTEROCOLITIS
D-62170	MALABSORPTION SYNDROME, NOS
D-62570	CHRONIC ULCERATIVE COLITIS
D-63310	DISEASE OF LIVER, NOS
D-63430	JAUNDICE, OBSTRUCTIVE
D-65020	NEPHROPATHY, NOS
D-65050	END STAGE RENAL DISEASE, NOS
D-65110	RENAL FAILURE, ACUTE
D-65120	RENAL FAILURE, CHRONIC
D-65150	UREMIA SYNDROME
D-65160	PRERENAL UREMIA SYNDROME
D-67000	RENAL GLOMERULAR DISEASE OR SYNDROME, NOS
D-67100	CHRONIC GLOMERULONEPHRITIS SYNDROME
D-67630	ACUTE TUBULO-INTERSTITIAL NEPHRITIS
D-70000	DISEASE OR SYNDROME OF CARDIOVASCULAR SYSTEM, NOS
D-70020	CONGENITAL CARDIOVASCULAR DISEASE, NOS
D-70300	DISEASE OR SYNDROME OF HEART, NOS
D-70320	CONGENITAL HEART DISEASE, NOS
D-70500	HEART FAILURE, NOS
D-70510	HEART FAILURE, RIGHT-SIDED  (T-32010)
D-70520	HEART FAILURE, LEFT-SIDED  (T-32020)
D-71000	CARDIOMYOPATHY, NOS
D-71010	CONGESTIVE CARDIOMYOPATHY, NOS
D-71100	HYPERTROPHIC CARDIOMYOPATHY, NOS
D-71500	RHEUMATIC HEART DISEASE
D-72000	VALVULAR HEART DISEASE OR SYNDROME, NOS
D-72100	INFECTIVE ENDOCARDITIS, NOS
D-72110	BACTERIAL ENDOCARDITIS
D-72500	ISCHEMIC HEART DISEASE OR SYNDROME, NOS
D-72560	MYOCARDIAL INFARCTION SYNDROME
D-73030	ARTERIAL VASCULAR DISEASE
D-73210	POLYARTERITIS NODOSA
D-73500	GENERALIZED ARTERIOSCLEROTIC DISEASE, NOS
D-73520	ARTERIOSCLEROTIC HEART DISEASE, NOS
D-73700	HYPERTENSIVE CARDIOVASCULAR DISEASE OR SYNDROME, NOS
D-75000	DISEASE OR SYNDROME OF RESPIRATORY SYSTEM, NOS
D-75060	LOWER RESPIRATORY TRACT INFECTIOUS DISEASE, NOS
D-75070	CLINICAL PNEUMONIA, NOS
D-76000	PNEUMOCONIOSIS
D-76100	ANTHRACOSIS
D-76180	KAOLINOSIS
D-77050	RESPIRATORY DISTRESS SYNDROME
D-77060	HYALINE MEMBRANE DISEASE
D-77510	ASPIRATION SYNDROME IN THE NEWBORN, NOS
D-80000	NEUROMUSCULAR DISEASE OR SYNDROME, NOS
D-80020	NERVOUS SYSTEM DISEASE OR SYNDROME, NOS
D-80040	MUSCLE DISEASE OR SYNDROME, NOS
D-80100	MYOGLOBINURIA SYNDROME, NOS
D-80200	DYSTROPHIC MUSCLE DISEASE, NOS
D-80210	PROGRESSIVE MUSCULATURE DYSTROPHY, NOS
D-84150	CEREBELLOPONTINE ANGLE SYNDROME  (CUSHINGS SYNDROME)
D-87210	HEPATIC ENCEPHALOPATHY SYNDROME
D-88500	ENCEPHALOPATHY, NONSPECIFIC
D-89030	APOPLEXY, NOS
D-89380	STROKE, COMPLETED, NEUROLOGICAL
D-8X000	MYELOPATHY, NOS
D-8X300	NEUROPATHY, NOS
D-93090	CHILD ABUSE SYNDROME
D-93280	NEGLECTED INFANT SYNDROME
D-X0000	EYE DISEASE OR SYNDROME, NOS
D-X3000	GLAUCOMA, NOS
D-X6210	ATROPHIC RHINITIS
D-Y0000	DISEASE OR SYNDROME PRESENT, NOS
D-Y0020	DISEASE SUSPECTED
D-Y0050	CLINICAL DISEASE OR SYNDROME PRESENT  (RELATED TO M & T)
D-Y0090	SUBCLINICAL DISEASE OR SYNDROME
D-Y0100	CONGENITAL DISEASE, NOS
D-Y0200	ENVIRONMENT RELATED DISEASE, NOS
D-Y0230	NATURE ENVIRONMENT RELATED DISEASE
D-Y0300	NEOPLASTIC DISEASE, NOS
D-Y0500	POISONING SYNDROME, NOS
D-YY001	FATAL FASTING MACAQUE SYNDROME
D-YY002	PERINATAL DEATH
D-YY003	HYPERBILIRUBINEMIA
D-YY389	AMYLOID ENTEROPATHY
E-00010	ETIOLOGIC AGENT UNKNOWN
E-00030	ETIOLOGY, INFECTION TRANS BY CARRIER
E-00040	ETIOLOGIC AGENT NOT IDENTIFIED
E-00050	ETIOLOGY, UNIDENTIFIED SUBSTANCE, ASSUMED TOXIC
E-00070	INFECTIOUS AGENT, NOS
E-00100	ETIOLOGY, SOCIAL DEPRIVATION
E-00120	ETIOLOGY, INSTITUTION ASSOCIATION
E-00130	IATROGENIC, ETIOLOGY
E-00160	ETIOLOGY, THERAPEUTIC MISADVENTURE
E-00180	ETIOLOGY, DRUG ASSOCIATION
E-00200	ETIOLOGY, IDIOPATHIC
E-00220	ETIOLOGY, SECONDARY
E-00320	ETIOLOGY, ENVIRONMENT, AS CAUSE OF
E-00360	ETIOLOGY, OPERATIVE PROCEDURE, AS CAUSE OF
E-01000	HEREDITARY DISORDER OR ASSOCIATION, NOS
E-01100	ASSOCIATION, CONGENITAL
E-01120	ASSOCIATION, DEVELOPMENTAL
E-04000	MYCOLOGY, CULTURE
E-04110	CLADOSPORIUM, NOS
E-06000	BONE MARROW
E-10000	BACTERIUM, NOS
E-10003	NO MICROBIAL GROWTH
E-10010	BACILLI
E-10020	COCCUS
E-10030	BACTERIUM, GRAM POSITIVE
E-10040	BACILLUS, GRAM POSITIVE
E-10050	COCCUS, GRAM POSITIVE
E-10060	COCCOBACILLUS, GRAM POSITIVE
E-10070	BACTERIUM, GRAM NEGATIVE
E-10080	BACILLUS, GRAM NEGATIVE
E-10090	COCCUS, GRAM NEGATIVE
E-10100	COCCOBACILLUS, GRAM NEGATIVE
E-10140	TOXIN, CLOSTRIDIUM PERFRINGENS
E-10200	TOXIN, BACTERIAL
E-10500	ACINETOBACTER, NOS
E-10600	ACTINOBACILLUS, NOS
E-10700	ACTINOMYCES, NOS
E-11000	AEROMONAS, NOS
E-11010	AEROMONAS HYDROPHILA
E-11030	AEROMONAS SALMONICIDA
E-11100	ALCALIGENES, NOS
E-11110	ALCALIGENES FECALIS
E-11400	BACILLUS, NOS
E-11420	BACILLUS ANTHRACIS
E-11600	LARVAE, NOS
E-12000	BACTEROIDES, NOS
E-12700	BORDETELLA, NOS
E-12730	BORDETELLA BRONCHOSEPTICA
E-12800	BORRELIA, NOS
E-13200	BRANHAMELLA, NOS
E-13400	BRUCELLA, NOS
E-13420	BRUCELLA ABORTUS
E-13460	BRUCELLA CANIS
E-13700	CAMPYLOBACTER, NOS
E-13710	CAMPYLOBACTER FETUS
E-13711	CAMPYLOBACTER FETUS SS. FETUS
E-13712	CAMPYLOBACTER FETUS SS. INTESTINALIS
E-13713	CAMPYLOBACTER JEJUNI
E-13750	CAMPYLOBACTER COLI
E-13760	CAMPYLOBACTER FECALIS
E-13770	CAMPYLOBACTER PYLORI
E-14100	CHROMOBACTERIUM, NOS
E-14300	CLOSTRIDIUM, NOS
E-14440	CLOSTRIDIUM SORDELLI
E-14600	CLOSTRIDIUM HEMOLYTICUM
E-14620	CLOSTRIDIUM NOVYI, NOS
E-14660	CLOSTRIDIUM PERFRINGENS
E-14690	CLOSTRIDIUM CHAUVOEI
E-14700	CLOSTRIDIUM SEPTICUM
E-14710	CLOSTRIDIUM DIFFICILE
E-14711	NEGATIVE CLOSTRIDIUM CULTURE
E-14950	CLOSTRIDIUM TETANI
E-15200	CORYNEBACTERIUM, NOS
E-15220	CORYNEBACTERIUM PSEUDOTUBERCULOSIS
E-15240	CORYNEBACTERIUM RENALE
E-15250	CORYNEBACTERIUM KUTSCHERI
E-15260	CORYNEBACTERIUM PSEUDODIPTHERITICUM
E-15270	CORYNEBACTERIUM EQUI
E-15380	CORYNEBACTERIUM HEMOLYTICUM
E-15410	CORYNEBACTERIUM PYOGENES
E-15500	DERMATOPHILUS, NOS
E-15510	DERMATOPHILUS CONGOLENSIS
E-15620	CITROBACTER, NOS
E-15630	CITROBACTER FREUNDII
E-15640	CITROBACTER INTERMEDIUS
E-15650	EDWARDSIELLA, NOS
E-15660	EDWARDSIELLA TARDA
E-15680	HAFNIA, NOS
E-15700	ESCHERICHIA, NOS
E-15710	ESCHERICHIA COLI
E-15711	ESCHERICHIA COLI, TYPE A
E-15712	ESCHERICHIA COLI, TYPE B
E-15713	ESCHERICHIA COLI, TYPE C
E-15714	ESCHERICHIA COLI, TYPE O
E-15720	ESCHERICHIA COLI,  POSITIVE RESULTS
E-15800	ENTEROBACTER, NOS
E-15820	ENTEROBACTER AEROGENES
E-15850	ENTEROBACTER AGGLOMERANS
E-15860	KLEBSIELLA, NOS
E-15870	KLEBSIELLA PNEUMONIAE
E-15900	ERWINIA, NOS
E-15910	ERWINIA HERBICOLA
E-15920	PROTEUS, NOS
E-15930	PROTEUS VULGARIS
E-15940	PROTEUS MIRABILIS
E-15950	MORGANELLA MORGANII
E-15960	PROTEUS RETTGERI
E-15970	PROVIDENCIA, NOS
E-15980	PROVIDENCIA ALCALIFACIENS
E-16000	SALMONELLA, NOS
E-16050	SALMONELLA PARATYPHI B
E-16120	SALMONELLA ARIZONAE
E-16500	SHIGELLA, NOS
E-16510	SHIGELLA DYSENTERIAE
E-16520	SHIGELLA FLEXNERI
E-16521	SHIGELLA FLEXNERI, TYPE 1
E-16522	SHIGELLA FLEXNERI, TYPE 2
E-16523	SHIGELLA FLEXNERI, TYPE 3
E-16524	SHIGELLA FLEXNERI, TYPE 4
E-16525	SHIGELLA FLEXNERI, TYPE 5
E-16526	SHIGELLA FLEXNERI, TYPE 6
E-16530	SHIGELLA BOYDII
E-16540	SHIGELLA SONNEI
E-16800	SERRATIA, NOS
E-16840	YERSINIA, NOS
E-16860	YERSINIA PSEUDOTUBERCULOSIS
E-16870	YERSINIA ENTEROCOLITICA
E-16900	ERYSIPELOTHRIX, NOS
E-17400	FLAVOBACTERIUM, NOS
E-17710	FRANCISELLA TULARENSIS
E-17800	FUSOBACTERIUM, NOS
E-17810	FUSIFORMIS FUSIFORMIS
E-18300	HAEMOPHILUS, NOS
E-18700	LACTOBACILLUS, NOS
E-18770	LACTOBACILLUS ACIDOPHILUS   (BACID)
E-19100	LEPTOSPIRA, NOS
E-19400	LISTERIA, NOS
E-19410	LISTERIA MONOCYTOGENES
E-19600	MICROCOCCUS, NOS
E-19800	MORAXELLA, NOS
E-19810	MORAXELLA LACUNATA
E-19820	MORAXELLA BOVIS
E-20000	MYCOBACTERIUM, NOS
E-20010	MYCOBACTERIUM TUBERCULOSIS
E-20030	MYCOBACTERIUM BOVIS
E-20100	MYCOBACTERIUM, ATYPICAL, NOS
E-20130	MYCOBACTERIUM GORDONAE
E-20140	MYCOBACTERIUM SCROFULACEUM
E-20160	MYCOBACTERIUM INTRACELLULARE
E-20170	MYCOBACTERIUM AVIUM
E-20260	MYCOBACTERIUM FORTUITUM
E-20300	MYCOBACTERIUM PARATUBERCULOSIS
E-21000	MYCOPLASMA, NOS
E-21600	NEISSERIA, NOS
E-22000	NOCARDIA, NOS
E-22010	NOCARDIA ASTEROIDES
E-22300	PASTEURELLA, NOS
E-22310	PASTEURELLA MULTOCIDA
E-22320	PASTEURELLA PNEUMOTROPICA
E-22330	PASTEURELLA HAEMOLYTICA
E-22340	PASTEURELLA UREAE
E-23000	PSEUDOMONAS, NOS
E-23010	PSEUDOMONAS AERUGINOSA
E-23030	PSEUDOMONAS FLUORESCENS, NOS
E-23120	PSEUDOMONAS PSEUDOMALLEI
E-23270	STENOTROPHOMONAS MALTOPHILIA
E-24200	SPIROCHAETA, NOS
E-24400	STAPHYLOCOCCUS, NOS
E-24410	STAPHYLOCOCCUS AUREUS
E-24420	STAPHYLOCOCCUS, COAGULASE NEGATIVE
E-24700	STREPTOBACILLUS, NOS
E-25000	STREPTOCOCCUS, NOS
E-25040	STREPTOCOCCUS GROUP A, NOS
E-25050	STREPTOCOCCUS PYOGENES
E-25100	STREPTOCOCCUS GROUP B, NOS
E-25110	STREPTOCOCCUS AGALACTIAE
E-25150	STREPTOCOCCUS GROUP C, NOS
E-25160	STREPTOCOCCUS ZOOEPIDEMICUS
E-25170	STREPTOCOCCUS DYSGALACTIAE
E-25180	STREPTOCOCCUS EQUI
E-25190	STREPTOCOCCUS EQUISIMILIS
E-25240	STREPTOCOCCUS GROUP D, NOS
E-25280	STREPTOCOCCUS FECALIS
E-25290	STREPTOCOCCUS FAECIUM
E-25420	STREPTOCOCCUS PNEUMONIAE
E-25470	STREPTOCOCCUS, ALPHA HEMOLYTIC, NOS
E-25480	STREPTOCOCCUS, BETA HEMOLYTIC, NOS
E-25490	STREPTOCOCCUS, GAMMA HEMOLYTIC, NOS
E-26000	TREPONEMA, NOS
E-26500	VIBRIO, NOS
E-26510	VIBRIO CHOLERAE
E-27100	RICKETTAIA, NOS
E-27400	COXIELLA, NOS
E-28000	CHLAMYDIA, NOS
E-28020	CHLAMYDIA PSITTACI
E-28810	MALARIA SCREEN
E-30000	VIRUS, NOS
E-30001	RRV-ROTAVIRUS
E-30100	ADENOVIRUS, NOS
E-32100	HERPESVIRUS, NOS
E-32140	HERPESVIRUS SIMIAE
E-32150	HERPESVIRUS T
E-32160	HERPESVIRUS OF CERCOPITHECUS MONKEYS
E-32170	HERPESVIRUS OF PATAS MONKEYS
E-32180	HERPESVIRUS SAIMIRI
E-32200	VARICELLA VIRUS, NOS
E-32210	EPSTEIN-BARR VIRUS
E-32220	CYTOMEGALOVIRUS, NOS
E-33480	SIMIAN PAPILLOMA VIRUS
E-33600	PARAMYXOVIRUS, NOS
E-33630	PARAINFLUENZA VIRUS 3
E-33710	MEASLES VIRUS
E-33720	RUBELLA VIRUS
E-35900	POX VIRUS, NOS
E-35940	MONKEYPOX VIRUS
E-36630	REOVIRUS, SIMIAN
E-36770	ROTAVIRUS
E-37030	RHABDOVIRUS B-1
E-40000	FUNGUS, NOS
E-40100	PHYCOMYCETE, NOS
E-40410	YEAST, NOS
E-40600	FUNGI IMPERFECTUS, NOS
E-40610	ASPERGILLUS, NOS
E-40740	BLASTOMYCES, NOS
E-40800	CANDIDA, NOS
E-40810	CANDIDA ALBICANS
E-41150	COCCIDIOIDES, NOS
E-41200	CRYPTOCOCCUS, NOS
E-41450	HISTOPLASMA, NOS
E-41650	MICROSPORUM, NOS
E-42000	PENICILLIUM, NOS
E-42250	PITYROSPORUM, NOS
E-42400	RHINOSPORIDIUM, NOS
E-42500	SPOROTRICHUM, NOS
E-42600	TRICHOPHYTON, NOS
E-43000	PARASITE, NOS
E-43010	PARASITE, PROTOZOAN, NOS
E-43020	PARASITE, METAZOAN, NOS
E-43320	SARCOCYSTIS
E-43360	TOXOPLASMA GONDII
E-43370	NOSEMA
E-43380	EIMERIA
E-44110	CHILOMASTIX, NOS
E-44120	CHILOMASTIX MESNILI
E-44140	ENTEROMONAS HOMINIS
E-44150	GIARDIA, NOS
E-44160	GIARDIA LAMBLIA
E-44200	LEISHMANIA, NOS
E-44300	RETORTAMONAS INTESTINALIS
E-44310	RETORTAMONAS INTESTINALIS
E-44320	TRICHOMONAS, NOS
E-44340	TRICHOMONAS HOMINIS
E-44360	TRYPANOSOMA, NOS
E-44500	SARCODINA, NOS
E-44530	DIENTAMOEBA FRAGILIS
E-44550	ENTAMOEBA, NOS
E-44560	ENTAMOEBA HISTOLYTICA
E-44570	ENTAMOEBA COLI
E-44580	ENTAMOEBA GINGIVALIS
E-44590	ENTAMOEBA POLECKI
E-44600	ENDOLIMAX, NOS
E-44610	ENDOLIMAX NANA
E-44640	HARTMANNELLA, NOS
E-44650	ENTEROMONAS HOMINIS
E-44660	IODAMOEBA, NOS
E-44670	IODAMOEBA BUTSCHLII
E-44720	ISOSPORA, NOS
E-44750	PLASMODIUM, NOS
E-44810	BALANTIDIUM, NOS
E-44820	BALANTIDIUM COLI
E-45000	HELMINTH, NOS
E-45050	FILARIOIDEA, NOS
E-45100	NEMATODE, NOS
E-45140	ANCYLOSTOMA, NOS
E-45150	ANCYLOSTOMA DUODENTALE
E-45220	ASCARIS, NOS
E-45280	BUNOSTONUM, NOS
E-45300	CAPILLARIA, NOS
E-45310	CAPILLARIA HEPATICA
E-45340	DIPETALONEMA, NOS
E-45370	DIROFILARIA, NOS
E-45440	ENTEROBIUS, NOS
E-45450	ENTEROBIUS VERMICULARIS
E-45490	GONGYLONEMA, NOS
E-45650	OESOPHAGOSTOMUM, NOS
E-45660	OESOPHAGOSTOMUM APIOSTOMUM
E-45670	OESOPHAGOSTOMUM STEPHANOSTOMUM
E-45730	PHYSALOPTERA, NOS
E-45750	RHABDITIS, NOS
E-45770	STRONGYLOIDES, NOS
E-45780	STRONGYLOIDES STERCORALIS
E-45830	TERNIDENS, NOS
E-45850	THELAZIA, NOS
E-45880	TOXOCARA, NOS
E-45940	TRICHINELLA, NOS
E-45960	TRICHURIS, NOS
E-45970	TRICHURIS TRICHIURA
E-45980	TRICHOSTRONGYLE, NOS
E-45990	TRICHOSTRONGYLUS COLUBRIFORMIS
E-46500	TREMATODE, NOS
E-46510	CLONORCHIS, NOS
E-46530	DICROCOELIUM, NOS
E-46570	ECHINOSTOMA, NOS
E-46650	FASCIOLA, NOS
E-46680	FASCIOLOPSIS, NOS
E-46860	SHISTOSOMA, NOS
E-47000	WATSONIUS, NOS
E-47100	CESTODE, NOS
E-47110	BERTIELLA, NOS
E-47120	BERTIELLA STUDERII
E-47130	BERTIELLA MUCRONATA
E-47160	DIPHYLLOBOTHRIUM, NOS
E-47260	ECHINOCOCCUS, NOS
E-47270	ECHINOCOCCUS GRANULOSUS
E-47280	ALVEOLAR HYDATID
E-47300	HYMENOLEPIS, NOS
E-47310	HYMENOLEPIS NANA
E-47311	HYMENOLEPIS DIMINUTA
E-47370	MESOCESTOIDES, NOS
E-47400	MONIEZIA, NOS
E-47500	SPARGANUM
E-47510	SPIROMETRA, NOS
E-47550	TAENIA, NOS
E-47560	TAENIA SOLIUM
E-47700	ACANTHOCEPHALA, NOS
E-47750	PROSTHENORCHIS
E-48100	PENTOSTOMA, NOS
E-48300	FLEA, NOS
E-48400	FLY LARVAE
E-48600	LOUSE, NOS
E-48700	MITE, NOS
E-48710	ACARIDAE, NOS
E-48730	DEMODEX, NOS
E-48740	DEMODEX FOLLICULORUM
E-48860	SARCOPTES. NOS
E-48900	MOSQUITO, NOS
E-49500	PRIMATE, NOS
E-49510	ANTHROPOID APE
E-49520	BABOON
E-49530	CHIMPANZEE
E-49540	GIBBON
E-49550	GORILLA
E-49560	MACAQUE
E-49570	HOMOSAPIENS
E-49580	MONKEY
E-49590	ORANGUTAN
E-49891	GOAT MILK
E-49990	WHALE
E-50000	CHEMICAL, NOS
E-50100	INORGANIC CHEMICAL, NOS
E-50120	TRITIUM  (H-3)
E-50121	TRITIATED WATER
E-50150	WATER
E-50500	CARBON, TATTOO
E-50520	CARBON - 14  (C-14)
E-50530	CARBON MONOXIDE (CO)
E-50550	CYANIDE AND CYANIDE COMPOUND, NOS
E-50770	NITRITE SALT
E-50780	NITRATE SALT
E-51010	FLUORINE AND FLUORINE COMPOUND, NOS
E-510X5	IODINE - 125  (I-125)
E-51100	ARSENIC AND ARSENIC COMPOUND, NOS
E-51140	ARSENITE COMPOUND
E-51310	SELENIUM SALT
E-51470	BARIUM AND BARIUM COMPOUND, NOS
E-51640	CHROMIUM - 51  (CR-51)
E-51670	IRON AND IRON COMPOUND, NOS
E-51750	LEAD AND LEAD COMPOUND, NOS
E-51830	MERCURY AND MERCURY COMPOUND, NOS
E-52060	THALLIUM AND THALLIUM COMPOUND, NOS
E-52120	ZINC AND ZINC COMPOUNDS, NOS
E-52160	ZINC PHOSPHATE (PHOSPHIDE)
E-52210	CALCIUM AND CALCIUM COMPOUND, NOS
E-52710	STRONTIUM - 85  (SR-85)
E-54020	PLASTIC OBJECT
E-54030	PETROLEUM
E-54100	HYDROCARBON, NOS
E-54570	NAPHTHALENE
E-54600	HALOGENATED HYDROCARBON, NOS
E-54700	CHLORINATED HYDROCARBON, NOS
E-55060	TETRACHLORODIOXIN
E-55070	TCB (CHLORINATED DIPHENYL)
E-55090	TETRACHLORODIBENZOFURAN
E-55120	ETHANOL
E-56010	ETHYLENE GLYCOL
E-56400	KETONE, NOS
E-56660	OXALATE SALT
E-56670	SODIUM OXALATE
E-58800	ORGANIC PHOSPHORUS COMPOUND, NOS
E-62620	SODIUM FLUOROACETATE
E-63000	INSECTICIDE, NOS
E-63500	ORGANIC PHOSPHORUS INSECTICIDE, NOS
E-64100	FUMIGANT, NOS
E-64600	HERBICIDE, NOS
E-65420	KARATHANE
E-65500	RODENTICIDE, NOS
E-65510	WARFARIN
E-66000	GAS, NOS
E-67200	DETERGENT, NOS
E-68010	PLANT, NOS
E-68020	LEAVES, FLOWERS, NOS
E-68600	PLANT POISON, NOS
E-68610	PLANT ALKALOID, NOS
E-68860	LATHYRUS PROTEIN
E-69010	PYRETHRIN
E-69060	NICOTINE
E-69400	CARCINOGENIC CHEMICAL COMPOUND, NOS
E-69570	POLYCHLORINATED BIPHENYL
E-70000	DRUG, NOS
E-70130	BENZYL ALCOHOL
E-70310	LIDOCAIN
E-70450	PROCAINE
E-70550	HALOTHANE
E-70590	KETAMINE (KETASET OR VETALAR)
E-70610	METHOXYFLURANE
E-70620	NITROUS OXIDE
E-70630	THIAMYLAL SODIUM
E-70720	ISOFLURANE
E-70930	OXYGEN, ANESTHETIC ADJUNCT
E-71160	HYDROGEN PEROXIDE
E-71210	IODINE SOLUTION
E-71230	IODOFORM
E-71370	POTASSIUM PERMANGANATE
E-713X0	NALIDIXIC ACID
E-71410	PROVIDONE IODINE
E-71430	SILVER NITRATE
E-71540	CRESOL
E-71620	FURAZOLIDONE
E-71660	NITROFURANTOIN
E-71670	NITROFURIZONE
E-71700	SULFONAMIDE, NOS
E-71760	SULFADIMETHOXINE
E-71820	SULFADIAZINE
E-71870	SULFAMETHOXAZOLE
E-71950	SULFISOXAZOLE
E-71970	SALICOAZOSULFAPYRIDINE
E-71990	TRIMETHOPRIM
E-72010	BACITRACIN
E-72040	CHLORAMPHENICOL
E-72041	CHLORAMPHENICOL PALMITATE
E-72042	CHLORAMPHENICOL SUCCINATE
E-7204X	CHLORAMPHENICOL, OPHTHALMIC OINTMENT
E-72080	LINCOMYCIN
E-72120	KANAMYCIN
E-72130	NEOMYCIN
E-72190	CEPHALOTHIN
E-721X0	CEFAZOLIN
E-72220	POLYMYXIN B
E-72240	STREPTOMYCIN, NOS
E-72260	STREPTOMYCIN SULFATE
E-72360	GENTAMYCIN
E-72370	AMIKACIN SULFATE
E-72400	ERYTHROMYCIN, NOS
E-72410	ERYTHROMYCIN STEARATE
E-72420	ERYTHROMYCIN ESTOLATE
E-72430	ERYTHROMYCIN ETHYLSUCCINATE
E-72500	TETRACYCLINE, NOS
E-72520	OXYTETRACYCLINE
E-72550	DOXYCYCLINE
E-72600	PENICILLIN, NOS
E-72601	PENICILLIN G PROCAIN
E-72602	PENICILLIN G POTASSIUM
E-72603	PENICILLIN G BENZATHINE
E-72620	OXACILLIN
E-72640	CLOXACILLIN
E-72660	BENZYL PENICILLIN
E-72720	AMPICILLIN
E-72910	AMPHOTERICIN B
E-72970	GRISEOFULVIN
E-73010	NYSTATIN
E-73440	ISONIAZID
E-73580	INTERFERON, INJECTABLE
E-73820	CHLOROQUINE
E-73840	PRIMAQUINE
E-74020	METRONIDAZOL
E-74180	MEBENDAZOLE
E-74270	THIABENDAZOLE
E-74290	NICLOSAMIDE
E-74420	BENZYL BENZOATE
E-74650	EPINEPHRINE (ADRENALIN)
E-74680	PSEUDOEPHEDRINE HYDROCHLORIDE
E-74710	DOPAMINE
E-74780	ISOPROTERONOL
E-75470	ATROPINE
E-75970	TROPICAMIDE
E-76030	CYCLOSPORIN A
E-76570	CLONIDINE
E-76710	PROCAINAMIDE
E-76720	QUINIDINE
E-76740	PROPANOLOL
E-76860	DIGOXIN
E-76890	OUABAIN
E-76980	DIPYRIDAMOLE
E-77048	GLYPHOSATE
E-77360	STRYCHNINE
E-77370	AMMONIA
E-77410	LEVODOPA (L-DOPA)
E-77710	ASPIRIN
E-77715	FLUNIXIN MEGLUMINE
E-77760	INDOMETHACIN
E-77850	HYDROMORPHONE
E-77890	FENTANYL (SUBLIMAZE)
E-77950	MEPERIDINE
E-77960	METHADONE
E-77970	MORPHINE
E-77980	OXYMORPHONE
E-78120	DIPHENYLHYDANTOIN
E-78251	VALPROIC ACID
E-78550	BARBITAL
E-78580	TETRAHYDROCANNABINOL
E-78840	PENTOBARBITAL  (FATAL PLUS)
E-78860	PHENOBARBITAL
E-79170	IMIPRAMINE
E-79380	PROMAZINE
E-79430	PROMETHAZINE
E-79520	DIAZEPAM  (VALIUM)
E-79580	THALIDOMIDE
E-79710	AMINOPHYLLIN
E-79930	SUCCINYLCHOLINE
E-80310	BENZOIC ACID
E-80320	SALICYLIC ACID
E-80410	BISMUTH SUBSALICYLATE
E-80490	ZINC OXIDE
E-80600	COCOA BUTTER
E-80620	MINERAL OIL
E-80750	METHYLCELLULOSE
E-81040	FLUORESCEIN
E-81310	BARIUM SULFATE
E-81340	DIATRIZOATE
E-81710	TUBERCULIN, NOS
E-81711	TUBERCULIN, MAMMALIAN
E-81712	TUBERCULIN, AVIAN
E-81820	FREUND ANTIGEN
E-81890	CANDIDA SKIN TEST
E-82030	SIMETHICONE
E-82070	CIMETIDINE
E-82270	SODIUM BICARBONATE
E-82530	AGAR
E-82550	ALOE VERA
E-82551	ALOE VERA, GEL
E-82660	DIOCTYL SODIUM SULFOSUCCINATE
E-82730	MAGNESIUM SULFATE
E-83120	APOMORPHINE
E-83740	STREPTOZOTOCIN
E-84101	ANTICOAGULANT CITRATE DEXTROSE
E-84130	DICOUMAROL (BISHYDROXYCOUMADIN)
E-84180	STREPTOKINASE-STREPTODORNASE   (VARIDASE)
E-84190	FIBRINOLYSIN
E-84210	HEPARIN PREPARATION
E-84250	SODIUM CITRATE
E-84270	SODIUM WARFARIN
E-84311	ALPHA LACTOALBUMIN
E-84320	BLOOD, WHOLE, NOS
E-84340	DEXTRAN
E-84360	ISOTONIC SODIUM CHLORIDE (SALINE)
E-84370	GLUCOSE
E-84430	PLASMA FRACTION
E-84520	ABSORBABLE GELATIN SPONGE
E-84620	FIBRINOGEN, INJECTABLE
E-84640	THROMBIN
E-84660	PROTAMINE
E-84730	IRON DRUG
E-84731	PEPTONIZED IRON
E-84810	FERROUS GLUCONATE
E-84840	IRON DEXTRAN
E-85000	HORMONE
E-85050	CHORIONIC GONADOTROPIN, INJECTABLE
E-85080	ESTROGEN-PROGESTIN PREPARATION, COMBINED
E-85150	DEXAMETHASONE
E-85260	HYDROCORTAMATE
E-85300	CORTISONE, INJECTABLE
E-85310	METHYLPREDNISOLONE
E-85350	PREDNISOLONE
E-85360	PREDNISONE
E-85370	TRIAMCINOLONE
E-85440	NANDROLONE PHENPROPIONATE
E-85460	STANOZOLOL
E-85470	TESTOSTERONE, INJECTABLE
E-85480	DIHYDROTESTOSTERONE (DHT)
E-85500	ESTROGEN, NOS
E-85540	DIETHYLSTILBESTROL
E-85550	ESTRADIOL (E 2)
E-85560	ESTRONE, INJECTABLE
E-85580	ETHINYL ESTRADIOL
E-85640	NORETHINDRONE
E-85760	MEDROXYPROGESTERONE
E-85780	PROGESTERONE
E-85810	GLUCAGON, INJECTABLE
E-85820	INSULIN, INJECTABLE
E-85830	PENTAGASTRIN
E-86020	CORTICOTROPIN, INJECTABLE
E-86030	LUTUTRIN, INJECTABLE
E-86040	OXYTOCIN
E-86051	GROWTH HORMONE RELEASING FACTOR
E-86060	PROLACTIN, INJECTABLE
E-86070	VASOPRESSIN, INJECTABLE
E-86090	FOLLOCLE STIMULATING HORMONE, INJECTABLE
E-86131	ANTI-SOMATOSTATIN
E-86140	GONADOTROPIN RELEASING FACTOR (GRF)
E-86401	BOVINE GAMMA GLOBULIN
E-86402	BETA LACTOGLOBULIN
E-86410	RABIES ANTISERUM
E-86420	BOTULISM ANTITOXIN
E-86470	TETANUS ANTITOXIN
E-864X0	GAMMA GLOBULIN
E-86580	POLIOVIRUS VACCINE
E-86590	RABIES VACCINE
E-86720	ANTILYMPHOCYTE SERUM
E-867X0	TETANUS TOXOID
E-86840	SERUM GLOBULIN
E-87010	ACETIC ACID DILUTE
E-87200	ELECTROLYTE REPLENISHER, NOS
E-87201	ELECTROLYTES, ORAL, NOS
E-87210	CALCIUM CHLORIDE
E-87220	CALCIUM LACTATE
E-87230	CALCIUM GLUCONATE
E-87240	POTASSIUM BICARBONATE
E-87250	POTASSIUM CHLORIDE
E-87270	SODIUM CHLORIDE
E-87280	POTASSIUM GLUCONATE
E-87340	RINGERS SOLUTION
E-87350	LACTATED RINGERS SOLUTION
E-87360	SODIUM LACTATE
E-87380	POTASSIUM PHOSPHATE
E-87430	FOOD, NOS
E-87431	HIGH PROTEIN MONKEY CHOW
E-87501	VITAMIN B COMPLEX, NOS
E-87510	ASCORBIC ACID
E-87520	SODIUM ASCORBATE
E-87530	VITAMIN D2 (CALCIFEROL PREPARATION)
E-87580	BIOTIN
E-87600	MULTIVITAMIN PREPARATION
E-87601	MULTIPLE VITAMIN, ORAL
E-87630	ERGOSTEROL
E-87650	VITAMIN A PREPARATION
E-87680	CHOLINE PREPARATION
E-87690	VITAMIN E PREPARATION
E-876X0	VITAMIN D PREPARATION
E-87700	ALPHA TOCOPHEROL
E-87710	CALCIUM PANTOTHENATE
E-87720	CYANOCOBALAMIN
E-87740	FOLIC ACID PREPARATION
E-87770	NIACIN PREPARATION
E-87790	VITAMIN K PREPARATION
E-87810	NIACINAMIDE PREPARATION
E-87820	PHYTONADIONE
E-87830	PYRIDOXINE PREPARATION
E-87840	RIBOFLAVIN PREPARATION
E-87860	THIAMINE HYDROCHLORIDE
E-87870	THIAMINE NITRATE
E-87930	EDETATE DISODIUM
E-88110	NALAXONE
E-88450	DIPHENHYDRAMINE (BENADRYL)
E-88490	CYPROHEPTADINE
E-88510	DOXYLAMINE
E-889Y0	MANNITOL
E-89190	FUROSEMIDE (LASIX)
E-89200	ENZYME PREPARATION, NOS
E-89240	HYALURONIDASE PREPARATION (WYDASE)
E-89270	PEPSIN
E-89290	TRYPSIN
E-89650	EUGENOL
E-89690	ERGOTAMINE
E-89730	ANGIOTENSIN, NOS
E-89970	DIMETHYL SULFOXIDE (DMSO)
E-89990	GALACTOSE
E-90000	PHYSICAL AGENT, NOS
E-90020	TRAUMATIC AGENT, NOS
E-90100	THERAPEUTIC DEVICE, NOS
E-90110	ORTHOPEDIC DEVICE
E-90130	PLATE
E-90150	PIN
E-90160	SCREW
E-90170	WIRE
E-90200	METAL DEVICE, NOS
E-90320	RESPIRATOR
E-90330	INCUBATOR, INFANT
E-90340	PERFUSION PUMP
E-90341	OSMOTIC PERFUSION PUMP
E-90370	PLASTER CAST
E-90400	ELECTRONIC MONITOR
E-90420	STIMULATOR
E-90440	ENDOSCOPE
E-90460	ADHESIVE, NOS
E-90470	BANDAGE, NOS
E-90500	DEVICE, NOS
E-90510	HYPODERMIC NEEDLE
E-90580	TAMPON
E-90590	CATHETER
E-90600	TUBE, NOS
E-90620	PLASTIC TUBE
E-90650	FEEDING TUBE
E-90660	ARTERIAL CANNULA
E-90680	SUTURE, SURGICAL
E-90790	THERMOMETER
E-91000	TRANSPORT VEHICLE, NOS
E-91130	FORK LIFT TRUCK
E-93200	RADIATION, NOS
E-93270	LASER
E-93900	INSTRUMENT, NOS
E-94270	SURGICAL INSTRUMENT
E-95200	FALLING OBJECT, NOS
E-95970	TROPICAMIDE HCL
E-98000	PHYSICAL FORCE, NOS
E-98020	ENVIRONMENTAL AGENT, NOS
E-98200	HEAT, NOS
E-98210	COLD, NOS
E-98220	WIND, NOS
E-98280	HUMIDITY, HIGH
E-98290	HUMIDITY, LOW
E-X0000	DIET, NOS
E-X0001	SUSTAGEN
E-X0002	NUTRAMIGEN
E-X0003	PROGESTIMIL
E-X0004	FLEXICAL
E-X0005	TANG
E-X0100	NORMAL DIET, NOS
E-X0200	BASIC HOSPITAL DIET, NOS
E-X0210	WEIGHT MAINTENANCE REGIMEN OR DIET
E-X0220	WEIGHT REDUCTION REGIMEN OR DIET
E-X0250	HARD DIET
E-X0430	DIET, MECHANICAL SOFT
E-X0450	DIET, LIQUID
E-X0470	DIET, TUBE FEEDINGS
E-X0610	DIET, INCREASED PROTEIN
E-X0660	DIET, LACTOSE FREE
E-X0700	FAT DIET, NOS
E-X1200	MISCELLANEOUS DIET (FRUIT)
E-X1420	DIET, CHRONIC RENAL FAILURE
E-YY001	NO VIRAL GROWTH
E-YY002	VIRUS CONSISTENT WITH SAIDS RETROVIRUS
E-YY003	CYCLOPAMINE
E-YY004	DIFLUNISAL
E-YY005	DIMETHYLBENZATHRACENE
E-YY006	EM-87
E-YY007	EM-325 (THALIDAMIDE)
E-YY008	NORFLOXACIN (MKO-366)
E-YY009	MEDROXYPROGESTERONE ACETATE (MPA)
E-YY010	SYNTEX PELLETS
E-YY011	VALPORIC ACID
E-YY012	ZUCLOMIPHENE
E-YY013	THYMIDINE
E-YY014	NO SIGNIFICANT MICROBIAL GROWTH
E-YY015	STAPHYLOCOCCUS, COAGULASE POSITIVE
E-YY016	STREPTOCOCCUS FECALIS, SS ZYMOGENES
E-YY017	ENTEROCOCCUS, NOS
E-YY018	STREPTOCOCCUS 'VIRIDANS'
E-YY019	CORYNEBACTERIUM ULCERANS
E-YY020	CRYPTOSPORIDIUM, NOS
E-YY021	ENTAMOEBA HARTMANNII
E-YY022	ENTAMOEBA POLECKI
E-YY023	HEXAMITA, NOS
E-YY024	HEPATOCYSTIS, NOS
E-YY025	SARCOCYSTIS, NOS
E-YY026	PARATRIOTAENIA
E-YY027	ATRIOTAENIA
E-YY028	PROSTHENOCCHIS
E-YY029	PNEUMONYSSUS, NOS
E-YY030	RHINOPHAGA, NOS
E-YY031	STREPTOPHAGUS
E-YY032	ATHESMIA, NOS
E-YY033	BRODEMIA, NOS
E-YY038	NO MYCOPLASMA GROWTH
E-YY039	BLASTOCYSTIS, NOS
E-YY040	STRONGYLES, NOS
E-YY041	NO FUNGAL GROWTH
E-YY042	STAIN, GRAM'S, ON PRIMARY SPECIMEN
E-YY043	THIOSTREPTON
E-YY045	SULFASALAZINE
E-YY046	RABBIT ANTI-HUMAN GRF SERUM
E-YY047	SHEEP ANTI-HUMAN SRIF GLOBULIN
E-YY048	GLYPHOSATE
E-YY049	ANTI-SEROTONIN
E-YY050	A-3080
E-YY051	PALMITIC ACID
E-YY052	BENZYL ACETATE
E-YY053	ALFENTINAL
E-YY054	ARV POLYPEPTIDE
E-YY055	DHPG
E-YY056	HUMAN MILK
E-YY057	ENFAMIL WITH IRON
E-YY058	NEGATIVE SHIGELLA, SALMONELLA, YERSINIA, AEROMONAS CULTURE
E-YY059	NEGATIVE CAMPYLOBACTER CULTURE
E-YY060	NEGATIVE YERSINIA CULTURE
E-YY061	BENDECTIN
E-YY062	OPPOSITE SEX PARENTAL BONE MARROW, T-CELL DEPLETED
E-YY063	WIN 32,729 (HORMONE)
E-YY064	MK-0787/0791 (ANTIBIOTIC)
E-YY065	ANTIPYRINE
E-YY066	MPA
E-YY067	SCH 30500 (INTERFERON TYPE)
E-YY068	RECOMBINANT ALPHA-ANTITRYPSIN
E-YY069	PLASMA ALPHA-ANTITRYPSIN
E-YY070	CYCLOPAMINE
E-YY071	DIFLUNISOL
E-YY072	SIRE BONE MARROW, T-CELL DEPLETED
E-YY073	NO PARASITES SEEN
E-YY074	STRONGYLE, NOS
E-YY075	BLASTOCYSTIS HOMINIS
E-YY076	HEXAMITA PITHECI
E-YY077	TRICHOSPIRURA LEPTOSOMA
E-YY078	AMOXICILLIN TRIHYDRATE
E-YY079	CLAVULANATE POTASSIUM
E-YY080	AUGMENTIN
E-YY081	FENBENDAZOLE
E-YY082	IODOQUINOL
E-YY083	IVERMECTIN
E-YY084	METOCLOPRAMIDE
E-YY085	PHENYLEPHRINE HC
E-YY086	NEGATIVE FUNGAL GROWTH
E-YY087	NEGATIVE MYCOPLASMA CULTURE
E-YY088	NEGATIVE YEAST CULTURE
E-YY089	CASEIN
E-YY090	NORLESTRIN
E-YY091	C14-WR3689
E-YY092	RETINOIC ACID
D-00010	DISEASE TYPE OR CATEGORY UNKNOWN
D-00020	DISEASE TYPE NOT APPLICABLE
D-00030	DISEASE TYPE NOT ASSIGNED
D-00110	DISEASE CAUSED BY BACTERIA, NOS
D-01000	INFECTIOUS OR COMMUNICABLE DISEASE, NOS
D-01010	IMMUNOSUPPRESSION RELATED INFECTIOUS DISEASE, NOS
D-01090	OPPORTUNISTIC INFECTIOUS DISEASE, NOS
D-01100	BACTERIAL SEPSIS
D-01110	ACTINOMYCOSIS
D-01130	ANTHRAX
D-01150	BOTULISM
D-01160	BRUCELLOSIS
D-01190	DIPHTHERIA
D-01210	ERYSIPELAS (STREPTOCOCCUS GROUP A, NOS)
D-01220	ERYSIPELOTHRIX INFECTION
D-01350	LEPTOSPIROSIS
D-01370	LISTERIOSIS
D-01430	WATERHOUSE-FRIDERICHSEN SYNDROME
D-01450	MYCOBACTERIAL INFECTIOUS DISEASE, NOS
D-01520	NECROBACILLOSIS
D-01530	NOCARDIOSIS
D-01550	PARATYPHOID FEVER, NOS
D-01590	PASTEURELLOSIS INFECTION
D-01630	PNEUMOCOCCAL INFECTIOUS DISEASE, NOS
D-01640	PNEUMOCOCCAL PNEUMONIA
D-01660	PSEUDOTUBERCULOSIS
D-01740	SALMONELLOSIS
D-01760	SHIGELLOSIS
D-01780	STAPHYLOCOCCAL INFECTION
D-01820	SYPHILLIS
D-01830	TETANUS
D-01880	TUBERCULOSIS
D-01890	TULAREMIA
D-01930	VIBRIOSIS
D-01970	SPIROCHETOSIS (WEILS DISEASE)
D-02020	BOTRYOMYCOSIS
D-02400	MYCOPLASMOSIS, NOS
D-03240	ORNITHOSIS
D-03260	Q FEVER
D-03500	DISEASE CAUSED BY VIRUS, NOS
D-03550	ALEUTIAN DISEASE
D-03780	CYTOMEGALIC INCLUSION DISEASE
D-03950	FOOT AND MOUTH DISEASE
D-04030	HERPESVIRUS INFECTION, NOS
D-04250	LYMPHOCYTIC CHORIOMENINGITIS
D-04300	MEASLES, NOS
D-04380	NEWCASTLE DISEASE
D-04550	PSEUDOCOWPOX
D-04590	RABIES
D-04750	SIMIAN B DISEASE
D-05500	DISEASE CAUSED BY FUNGUS, NOS
D-05520	ASPERGILLOSIS
D-05530	BLASTOMYCOSIS
D-05570	CANDIDIASIS
D-05600	COCCIDIOIDOMYCOSIS
D-05610	CRYPTOCOCCOSIS
D-05670	MUCORMYCOSIS
D-05730	SPOROTRICHOSIS
D-05750	RINGWORM, NOS
D-05900	HISTOPLASMOSIS
D-06500	DISEASE CAUSED BY PARASITE, NOS
D-06510	AMEBIASIS
D-06550	ASCARIASIS
D-06560	ACARIASIS, NOS
D-06570	PIROPLASMOSIS (BABESIASIS)
D-06580	BALANTIDIASIS
D-06610	CAPILLARIASIS
D-06640	CESTODE INFECTION
D-06670	COCCIDIOSIS
D-06700	CYSTICERCOSIS
D-06830	ECHINOCOCCOSIS, NOS
D-06920	FASCIOLIASIS
D-06960	FILARIASIS, NOS
D-07030	GIARDIASIS
D-07200	MALARIA, NOS
D-07260	MYIASIS, NOS
D-07340	PEDICULOSIS
D-07400	SARCOSPORIDIOSIS
D-07410	SCABIES
D-07500	STRONGYLOIDIASIS
D-07560	TOXOCARIASIS, LARVA MIGRANS
D-07570	TOXOPLASMOSIS
D-07590	TRICHINIASIS
D-07600	TRICHOMONIASIS
D-07620	TRICHURIASIS
D-07700	LEISHMANIASIS
D-08000	INFECTIOUS OR COMMUNICABLE DISEASE OF UNDETERMINED ETIOLOGY
D-10000	METABOLIC DISEASE, NOS
D-10010	INBORN ERROR OF METABOLISM, NOS
D-10020	FAILURE TO THRIVE SYNDROME
D-10100	NUTRITIONAL DISEASE, NOS
D-10110	BODY CONDITION SCORE 2 OR LESS
D-10130	DEFICIENCY DISEASE, PROTEIN
D-10140	MALNUTRITION SYNDROME
D-10160	UNDERNUTRITION
D-11000	KETOACIDOSIS, NOS
D-11500	DISEASE OF SIMPLE COMPOUND
D-11740	HYPOKALEMIC SYNDROME, NOS
D-11750	HYPERKALEMIC SYNDROME, NOS
D-11820	DEFICIENCY DISEASE, CALCIUM
D-11870	DEFICIENCY DISEASE, MAGNESIUM
D-11920	HEMOCHROMATOSIS
D-12010	GOUT
D-13500	DISEASE OF LIPID METABOLISM, NOS
D-13600	HYPERLIPOPROTEINEMIA, NOS
D-14000	LIPIDOSIS, NOS
D-14010	XANTHOMATOSIS